,id,feature1,feature2,category,label
id,1.0,-0.021746059492830778,0.03390839963347673,0.03984773401032824,-0.0250613096673281
feature1,-0.021746059492830778,1.0,0.06576630208958377,-0.028556842184248317,-0.032699500858799496
feature2,0.03390839963347673,0.06576630208958377,1.0,0.05077446320293172,0.021033578179595693
category,0.03984773401032824,-0.028556842184248317,0.05077446320293172,1.0,0.0046475512984686974
label,-0.0250613096673281,-0.032699500858799496,0.021033578179595693,0.0046475512984686974,1.0
