,id,feature1,feature2,category,label
id,1.0,0.04045574744240632,0.02610961046043248,0.07067253932992741,-0.008300241270473767
feature1,0.04045574744240632,1.0,0.08337849006182449,0.012039545641984358,0.008548294274398339
feature2,0.02610961046043248,0.08337849006182449,1.0,-0.02648554655267257,-0.021883582638848067
category,0.07067253932992741,0.012039545641984358,-0.02648554655267257,1.0,-0.0021617966462087446
label,-0.008300241270473767,0.008548294274398339,-0.021883582638848067,-0.0021617966462087446,1.0
