summary,feature1,feature2,label
count,10,10,10
mean,-0.08241962138850696,0.27553357006425455,0.4
stddev,0.9680421184516954,1.341518982875873,0.5163977794943222
min,-1.5592703126881235,-1.475640001647283,0
max,1.3185193334974123,2.2795091249286963,1
