Feature,Importance
feature1,0.2745895863382464
feature2,0.17469913081438998
string_col1_indexed,0.10713664223521602
string_col2_indexed,0.10267879082309143
category,0.09107133173454955
boolean_col2,0.04028871110910657
boolean_col1,0.017290897299829584
