Feature,Correlation
label,1.0
feature2,0.025326912357790065
feature1,0.006933524603252487
id,-0.02134272489454255
category,-0.052269906986042586
