Feature,PearsonCorrelation
feature1,0.34623897330952025
feature2,-0.4496981527257961
