{
  "method": "equal_width",
  "n_bins": 3,
  "age": {
    "bins": [
      18.0,
      27.366666666666667,
      36.733333333333334,
      46.1
    ],
    "stats": {
      "0": {
        "count": 3,
        "min": 18.0,
        "max": 25.5,
        "mean": 22.2
      },
      "1": {
        "count": 1,
        "min": 32.5,
        "max": 32.5,
        "mean": 32.5
      },
      "2": {
        "count": 4,
        "min": 37.7,
        "max": 46.1,
        "mean": 40.025
      }
    }
  }
}