{
  "age": {
    "method": "equal_width",
    "n_bins": 3,
    "bins": [
      18.0,
      27.366666666666667,
      36.733333333333334,
      46.1
    ],
    "stats": {
      "0": {
        "count": 3,
        "min": 18.0,
        "max": 25.5,
        "mean": 22.2,
        "label_mean": 0.6666666666666666,
        "label_count": 2
      },
      "1": {
        "count": 1,
        "min": 32.5,
        "max": 32.5,
        "mean": 32.5,
        "label_mean": 0.0,
        "label_count": 0
      },
      "2": {
        "count": 4,
        "min": 37.7,
        "max": 46.1,
        "mean": 40.025,
        "label_mean": 0.5,
        "label_count": 2
      }
    }
  },
  "monthly_income": {
    "method": "equal_freq",
    "n_bins": 4,
    "bins": [
      3196.08,
      4657.3025,
      5995.655,
      6412.72,
      9286.22
    ],
    "stats": {
      "0": {
        "count": 2,
        "min": 3196.08,
        "max": 4653.59,
        "mean": 3924.835,
        "label_mean": 0.0,
        "label_count": 0
      },
      "1": {
        "count": 2,
        "min": 4658.54,
        "max": 5837.08,
        "mean": 5247.8099999999995,
        "label_mean": 1.0,
        "label_count": 2
      },
      "2": {
        "count": 2,
        "min": 6154.23,
        "max": 6404.14,
        "mean": 6279.1849999999995,
        "label_mean": 0.5,
        "label_count": 1
      },
      "3": {
        "count": 2,
        "min": 6438.46,
        "max": 9286.22,
        "mean": 7862.34,
        "label_mean": 0.5,
        "label_count": 1
      }
    }
  },
  "browse_time_minutes": {
    "method": "kmeans",
    "n_bins": 3,
    "bins": [
      0.6099999999,
      5.985833333333334,
      16.482499999999998,
      22.990000000099997
    ],
    "stats": {
      "0": {
        "count": 3,
        "min": 0.61,
        "max": 3.83,
        "mean": 1.9966666666666668,
        "label_mean": 0.0,
        "label_count": 0
      },
      "1": {
        "count": 4,
        "min": 8.99,
        "max": 12.12,
        "mean": 9.975,
        "label_mean": 1.0,
        "label_count": 4
      },
      "2": {
        "count": 1,
        "min": 22.99,
        "max": 22.99,
        "mean": 22.99,
        "label_mean": 0.0,
        "label_count": 0
      }
    }
  },
  "spending_frequency": {
    "method": "decision_tree",
    "n_bins": 3,
    "bins": [
      1.7399999999,
      1.875,
      7.069999933242798,
      8.0600000001
    ],
    "stats": {
      "0": {
        "count": 1,
        "min": 1.74,
        "max": 1.74,
        "mean": 1.74,
        "label_mean": 0.0,
        "label_count": 0
      },
      "1": {
        "count": 5,
        "min": 2.01,
        "max": 6.18,
        "mean": 4.478,
        "label_mean": 0.4,
        "label_count": 2
      },
      "2": {
        "count": 2,
        "min": 7.96,
        "max": 8.06,
        "mean": 8.01,
        "label_mean": 1.0,
        "label_count": 2
      }
    }
  }
}