{
  "method": "kmeans",
  "n_bins": 3,
  "browse_time_minutes": {
    "bins": [
      0.6099999999,
      5.985833333333334,
      16.482499999999998,
      22.990000000099997
    ],
    "stats": {
      "0": {
        "count": 3,
        "min": 0.61,
        "max": 3.83,
        "mean": 1.9966666666666668
      },
      "1": {
        "count": 4,
        "min": 8.99,
        "max": 12.12,
        "mean": 9.975
      },
      "2": {
        "count": 1,
        "min": 22.99,
        "max": 22.99,
        "mean": 22.99
      }
    }
  }
}