{
  "method": "equal_freq",
  "n_bins": 4,
  "monthly_income": {
    "bins": [
      3196.08,
      4657.3025,
      5995.655,
      6412.72,
      9286.22
    ],
    "stats": {
      "0": {
        "count": 2,
        "min": 3196.08,
        "max": 4653.59,
        "mean": 3924.835
      },
      "1": {
        "count": 2,
        "min": 4658.54,
        "max": 5837.08,
        "mean": 5247.8099999999995
      },
      "2": {
        "count": 2,
        "min": 6154.23,
        "max": 6404.14,
        "mean": 6279.1849999999995
      },
      "3": {
        "count": 2,
        "min": 6438.46,
        "max": 9286.22,
        "mean": 7862.34
      }
    }
  }
}