{
  "age": {
    "equal_width_3": {
      "method": "equal_width",
      "n_bins": 3,
      "replace_na": -1,
      "bins": [
        18.0,
        27.366666666666667,
        36.733333333333334,
        46.1
      ],
      "stats": {
        "0": {
          "count": 2,
          "mean": 20.55,
          "min": 18.0,
          "max": 23.1,
          "label_mean": 1.0,
          "label_count": 2
        },
        "1": {
          "count": 1,
          "mean": 32.5,
          "min": 32.5,
          "max": 32.5,
          "label_mean": 0.0,
          "label_count": 0
        },
        "2": {
          "count": 4,
          "mean": 40.025,
          "min": 37.7,
          "max": 46.1,
          "label_mean": 0.5,
          "label_count": 2
        }
      }
    },
    "kmeans_2": {
      "method": "kmeans",
      "n_bins": 2,
      "replace_na": -99,
      "bins": [
        17.9999999999,
        29.535000000000004,
        46.1000000001
      ],
      "stats": {
        "0": {
          "count": 2,
          "mean": 20.55,
          "min": 18.0,
          "max": 23.1,
          "label_mean": 1.0,
          "label_count": 2
        },
        "1": {
          "count": 5,
          "mean": 38.519999999999996,
          "min": 32.5,
          "max": 46.1,
          "label_mean": 0.4,
          "label_count": 2
        }
      }
    }
  },
  "monthly_income": {
    "equal_freq_4": {
      "method": "equal_freq",
      "n_bins": 4,
      "replace_na": -999,
      "bins": [
        3196.08,
        4653.59,
        5837.08,
        6438.46,
        9286.22
      ],
      "stats": {
        "0": {
          "count": 2,
          "mean": 3924.835,
          "min": 3196.08,
          "max": 4653.59,
          "label_mean": 0.0,
          "label_count": 0
        },
        "1": {
          "count": 2,
          "mean": 5247.8099999999995,
          "min": 4658.54,
          "max": 5837.08,
          "label_mean": 1.0,
          "label_count": 2
        },
        "2": {
          "count": 2,
          "mean": 6296.344999999999,
          "min": 6154.23,
          "max": 6438.46,
          "label_mean": 0.5,
          "label_count": 1
        },
        "3": {
          "count": 1,
          "mean": 9286.22,
          "min": 9286.22,
          "max": 9286.22,
          "label_mean": 1.0,
          "label_count": 1
        }
      }
    },
    "decision_tree_3": {
      "method": "decision_tree",
      "n_bins": 3,
      "replace_na": -1,
      "bins": [
        3196.08,
        5226.126666666666,
        7256.173333333332,
        9286.22
      ],
      "stats": {
        "0": {
          "count": 3,
          "mean": 4169.403333333333,
          "min": 3196.08,
          "max": 4658.54,
          "label_mean": 0.3333333333333333,
          "label_count": 1
        },
        "1": {
          "count": 3,
          "mean": 6143.256666666667,
          "min": 5837.08,
          "max": 6438.46,
          "label_mean": 0.6666666666666666,
          "label_count": 2
        },
        "2": {
          "count": 1,
          "mean": 9286.22,
          "min": 9286.22,
          "max": 9286.22,
          "label_mean": 1.0,
          "label_count": 1
        }
      }
    }
  },
  "browse_time_minutes": {
    "kmeans_3": {
      "method": "kmeans",
      "n_bins": 3,
      "replace_na": -1,
      "bins": [
        1.5499999999,
        6.3325,
        16.482499999999998,
        22.990000000099997
      ],
      "stats": {
        "0": {
          "count": 2,
          "mean": 2.69,
          "min": 1.55,
          "max": 3.83,
          "label_mean": 0.0,
          "label_count": 0
        },
        "1": {
          "count": 4,
          "mean": 9.975,
          "min": 8.99,
          "max": 12.12,
          "label_mean": 1.0,
          "label_count": 4
        },
        "2": {
          "count": 1,
          "mean": 22.99,
          "min": 22.99,
          "max": 22.99,
          "label_mean": 0.0,
          "label_count": 0
        }
      }
    }
  }
}